{
  "placeholderImages": [
    {
      "id": "user-avatar",
      "description": "User avatar",
      "imageUrl": "https://images.unsplash.com/photo-1506794778202-cad84cf45f1d?crop=entropy&cs=tinysrgb&fit=max&fm=jpg&ixid=M3w3NDE5ODJ8MHwxfHNlYXJjaHw2fHxwZXJzb24lMjBwb3J0cmFpdHxlbnwwfHx8fDE3NjU0NTgyNzF8MA&ixlib=rb-4.1.0&q=80&w=1080",
      "imageHint": "person portrait"
    },
    {
      "id": "project-1",
      "description": "Photo of a new village road.",
      "imageUrl": "https://images.unsplash.com/photo-1708589413921-87e9cf84fbbe?crop=entropy&cs=tinysrgb&fit=max&fm=jpg&ixid=M3w3NDE5ODJ8MHwxfHNlYXJjaHw2fHx2aWxsYWdlJTIwcm9hZHxlbnwwfHx8fDE3NjUzNzA3OTV8MA&ixlib=rb-4.1.0&q=80&w=1080",
      "imageHint": "village road"
    },
    {
      "id": "project-2",
      "description": "Photo of a community center renovation.",
      "imageUrl": "https://images.unsplash.com/photo-1522543558187-768b6df7c25c?crop=entropy&cs=tinysrgb&fit=max&fm=jpg&ixid=M3w3NDE5ODJ8MHwxfHNlYXJjaHw3fHxjb21tdW5pdHklMjBjZW50ZXJ8ZW58MHx8fHwxNzY1NDcyOTgwfDA&ixlib=rb-4.1.0&q=80&w=1080",
      "imageHint": "community center"
    },
    {
      "id": "project-3",
      "description": "Photo of a new irrigation system.",
      "imageUrl": "https://images.unsplash.com/photo-1743742566156-f1745850281a?crop=entropy&cs=tinysrgb&fit=max&fm=jpg&ixid=M3w3NDE5ODJ8MHwxfHNlYXJjaHw2fHxpcnJpZ2F0aW9uJTIwZmFybWluZ3xlbnwwfHx8fDE3NjU0NzM2NzB8MA&ixlib=rb-4.1.0&q=80&w=1080",
      "imageHint": "irrigation farming"
    }
  ]
}